unsafe,safe,unsafe,safe,safe,safe,safe,safe,unsafe
safe,unsafe,unsafe,safe,safe,safe,safe,safe,unsafe
safe,safe,unsafe,safe,safe,safe,safe,safe,unsafe
safe,safe,safe,unsafe,safe,safe,safe,safe,safe
unsafe,safe,unsafe,safe,safe,safe,safe,safe,safe
safe,safe,safe,safe,unsafe,safe,safe,safe,safe
safe,safe,safe,safe,safe,unsafe,safe,safe,safe
safe,safe,safe,safe,safe,safe,unsafe,safe,safe
safe,safe,safe,safe,safe,safe,safe,unsafe,safe
safe,safe,safe,unsafe,safe,safe,safe,unsafe,safe
safe,safe,safe,safe,safe,safe,safe,safe,unsafe
safe,safe,safe,safe,safe,safe,safe,safe,unsafe
safe,safe,safe,safe,safe,safe,safe,safe,unsafe
unsafe,safe,unsafe,safe,safe,safe,safe,safe,safe
safe,safe,safe,safe,unsafe,safe,safe,safe,safe
unsafe,safe,safe,safe,unsafe,safe,safe,safe,safe
safe,safe,safe,safe,unsafe,safe,safe,safe,safe
safe,safe,safe,safe,unsafe,safe,safe,safe,safe
safe,safe,safe,unsafe,unsafe,safe,safe,safe,safe
safe,safe,safe,safe,safe,safe,safe,safe,unsafe
safe,safe,safe,safe,safe,safe,safe,safe,safe
safe,safe,safe,safe,safe,safe,safe,safe,safe
safe,safe,safe,safe,safe,safe,safe,safe,safe
safe,safe,safe,safe,safe,unsafe,safe,safe,safe
safe,safe,safe,safe,safe,safe,safe,safe,safe
safe,safe,safe,safe,safe,unsafe,safe,safe,safe
safe,safe,safe,unsafe,safe,unsafe,safe,safe,safe
safe,safe,safe,safe,safe,safe,safe,safe,safe
safe,safe,safe,safe,safe,safe,safe,safe,safe
safe,safe,safe,safe,safe,unsafe,safe,safe,safe
safe,safe,safe,safe,safe,safe,safe,safe,safe
safe,safe,safe,safe,safe,safe,safe,safe,safe
safe,safe,safe,safe,safe,safe,unsafe,safe,safe
unsafe,safe,safe,safe,unsafe,safe,safe,safe,safe
safe,safe,safe,safe,safe,safe,safe,safe,safe
safe,safe,safe,safe,safe,unsafe,safe,safe,safe
safe,safe,safe,safe,safe,unsafe,safe,safe,safe
safe,safe,safe,unsafe,safe,unsafe,unsafe,safe,safe
safe,safe,safe,unsafe,safe,unsafe,safe,safe,safe
safe,safe,safe,safe,safe,unsafe,safe,safe,safe
safe,safe,safe,safe,safe,safe,safe,safe,safe
safe,safe,safe,safe,safe,safe,unsafe,safe,safe
safe,safe,safe,safe,safe,safe,safe,unsafe,safe
safe,safe,safe,safe,safe,safe,safe,unsafe,safe
safe,safe,safe,safe,safe,safe,unsafe,safe,safe
safe,safe,safe,safe,safe,safe,unsafe,safe,safe
safe,safe,safe,safe,safe,safe,safe,unsafe,safe
safe,safe,safe,safe,safe,safe,safe,unsafe,safe
safe,safe,safe,safe,safe,safe,safe,safe,safe
safe,safe,safe,safe,safe,safe,safe,safe,safe
safe,safe,safe,unsafe,safe,safe,safe,safe,safe
safe,safe,safe,safe,safe,unsafe,safe,safe,safe
safe,safe,safe,safe,safe,unsafe,safe,safe,safe
safe,safe,safe,safe,safe,unsafe,safe,safe,safe
safe,safe,safe,safe,safe,safe,safe,safe,safe
safe,safe,safe,safe,safe,safe,safe,safe,safe
safe,safe,safe,safe,safe,safe,safe,safe,safe
safe,safe,safe,safe,safe,safe,safe,safe,safe
safe,safe,safe,safe,safe,safe,safe,safe,safe
safe,safe,safe,safe,safe,safe,safe,safe,safe
safe,safe,safe,safe,safe,safe,unsafe,safe,safe
safe,safe,safe,safe,safe,safe,safe,safe,safe
safe,safe,safe,safe,safe,safe,safe,safe,safe
safe,safe,safe,safe,safe,safe,safe,safe,safe
safe,safe,safe,safe,safe,safe,safe,safe,safe
safe,safe,safe,safe,safe,safe,safe,safe,safe
safe,safe,safe,safe,safe,safe,safe,safe,safe
safe,safe,safe,safe,safe,safe,safe,safe,safe
safe,safe,safe,safe,safe,safe,safe,safe,safe
safe,safe,safe,safe,safe,safe,safe,safe,safe
safe,safe,safe,safe,safe,safe,safe,safe,safe
safe,safe,safe,safe,safe,safe,unsafe,safe,safe
safe,safe,safe,safe,safe,safe,safe,safe,safe
safe,safe,safe,safe,safe,unsafe,safe,safe,safe
safe,safe,safe,unsafe,safe,unsafe,safe,safe,safe
safe,safe,safe,safe,safe,safe,safe,safe,safe
unsafe,safe,safe,safe,unsafe,safe,safe,safe,safe
safe,safe,safe,safe,safe,safe,safe,safe,safe
safe,safe,safe,unsafe,safe,unsafe,safe,safe,safe
safe,safe,safe,safe,safe,unsafe,safe,safe,safe
safe,safe,safe,safe,safe,unsafe,safe,safe,safe
safe,safe,safe,safe,safe,safe,safe,safe,safe
safe,safe,safe,safe,safe,safe,safe,safe,safe
safe,safe,safe,safe,safe,safe,safe,safe,safe
safe,safe,safe,safe,safe,unsafe,safe,safe,safe
safe,safe,safe,safe,safe,unsafe,safe,safe,safe
safe,safe,safe,safe,safe,safe,safe,safe,safe
safe,safe,safe,unsafe,unsafe,safe,unsafe,unsafe,unsafe
safe,safe,safe,safe,safe,safe,safe,safe,safe
safe,safe,safe,safe,safe,safe,safe,safe,safe
safe,safe,safe,unsafe,safe,safe,unsafe,unsafe,safe
safe,safe,safe,unsafe,safe,safe,unsafe,unsafe,unsafe
safe,safe,safe,unsafe,safe,safe,unsafe,unsafe,unsafe
safe,safe,safe,safe,safe,safe,safe,safe,unsafe
safe,safe,safe,safe,safe,safe,safe,safe,unsafe
safe,safe,safe,safe,safe,safe,safe,safe,unsafe
safe,safe,safe,safe,safe,safe,safe,unsafe,safe
safe,safe,safe,safe,safe,safe,safe,unsafe,safe
safe,safe,safe,unsafe,safe,safe,safe,unsafe,safe
safe,safe,safe,safe,unsafe,safe,unsafe,safe,unsafe
safe,safe,safe,safe,unsafe,safe,unsafe,safe,unsafe
safe,safe,safe,safe,unsafe,safe,safe,safe,unsafe
safe,safe,safe,unsafe,unsafe,safe,unsafe,safe,unsafe
unsafe,unsafe,unsafe,unsafe,safe,safe,safe,safe,safe
unsafe,unsafe,unsafe,unsafe,safe,safe,safe,safe,safe
safe,unsafe,unsafe,safe,safe,safe,safe,safe,safe
timeout,timeout,timeout,timeout,timeout,timeout,timeout,timeout,timeout
timeout,timeout,timeout,timeout,timeout,timeout,timeout,timeout,timeout
safe,safe,safe,unsafe,unsafe,safe,safe,safe,safe
safe,safe,safe,unsafe,safe,safe,safe,safe,safe
safe,safe,safe,unsafe,unsafe,safe,safe,safe,safe
safe,safe,safe,safe,safe,safe,safe,safe,safe
safe,safe,safe,safe,safe,safe,safe,safe,safe
safe,safe,safe,safe,safe,safe,safe,safe,safe
safe,safe,safe,safe,safe,safe,safe,safe,safe
safe,safe,safe,safe,safe,safe,safe,safe,safe
safe,safe,safe,safe,safe,safe,safe,safe,safe
safe,safe,safe,safe,safe,safe,safe,safe,safe
safe,safe,safe,safe,safe,safe,safe,safe,safe
safe,safe,safe,safe,safe,safe,safe,safe,safe
safe,safe,safe,safe,safe,safe,safe,safe,safe
safe,safe,safe,safe,unsafe,safe,safe,safe,safe
safe,safe,safe,safe,safe,safe,safe,safe,safe
safe,safe,safe,safe,unsafe,safe,safe,safe,safe
safe,safe,safe,safe,safe,safe,safe,safe,safe
safe,safe,safe,safe,safe,safe,safe,safe,safe
safe,safe,safe,safe,safe,safe,safe,safe,safe
safe,safe,safe,safe,safe,safe,safe,safe,safe
safe,safe,safe,safe,safe,safe,safe,safe,safe
timeout,timeout,timeout,timeout,timeout,timeout,timeout,timeout,timeout
safe,safe,safe,unsafe,safe,safe,safe,unsafe,safe
timeout,timeout,timeout,timeout,timeout,timeout,timeout,timeout,timeout
safe,safe,safe,safe,safe,safe,safe,safe,safe
safe,safe,safe,safe,safe,safe,safe,safe,safe
safe,safe,safe,safe,safe,safe,safe,safe,safe
safe,safe,safe,unsafe,safe,unsafe,unsafe,unsafe,unsafe
safe,safe,safe,safe,safe,safe,safe,safe,safe
safe,safe,safe,unsafe,safe,unsafe,unsafe,unsafe,unsafe
safe,safe,safe,unsafe,safe,unsafe,unsafe,unsafe,unsafe
safe,safe,safe,unsafe,safe,unsafe,unsafe,unsafe,unsafe
safe,safe,safe,safe,safe,safe,unsafe,unsafe,safe
safe,safe,safe,safe,safe,safe,safe,safe,safe
safe,safe,safe,unsafe,safe,safe,safe,safe,safe
safe,safe,safe,unsafe,safe,safe,safe,safe,safe
timeout,timeout,timeout,timeout,timeout,timeout,timeout,timeout,timeout
unsafe,safe,unsafe,safe,safe,safe,safe,safe,unsafe
unsafe,safe,unsafe,safe,safe,safe,safe,safe,unsafe
unsafe,safe,unsafe,safe,safe,safe,safe,safe,unsafe
unsafe,safe,unsafe,unsafe,safe,safe,safe,safe,unsafe
unsafe,safe,unsafe,unsafe,safe,safe,safe,safe,unsafe
unsafe,safe,unsafe,safe,safe,safe,unsafe,safe,unsafe
unsafe,safe,unsafe,safe,safe,safe,unsafe,safe,unsafe
unsafe,safe,unsafe,safe,safe,safe,unsafe,safe,unsafe
unsafe,safe,unsafe,safe,safe,safe,unsafe,safe,safe
unsafe,safe,unsafe,unsafe,safe,safe,safe,safe,unsafe
unsafe,safe,unsafe,safe,safe,safe,unsafe,safe,unsafe
unsafe,safe,unsafe,safe,safe,safe,unsafe,safe,unsafe
unsafe,safe,unsafe,unsafe,safe,safe,unsafe,safe,unsafe
safe,safe,safe,safe,safe,safe,safe,safe,safe
unsafe,safe,unsafe,unsafe,safe,safe,safe,safe,unsafe
unsafe,safe,unsafe,unsafe,safe,safe,unsafe,safe,unsafe
unsafe,safe,unsafe,unsafe,safe,safe,safe,safe,unsafe
safe,safe,safe,safe,safe,safe,safe,safe,safe
unsafe,safe,unsafe,unsafe,safe,safe,safe,safe,unsafe
unsafe,safe,unsafe,unsafe,safe,safe,unsafe,safe,safe
safe,safe,safe,safe,safe,safe,safe,safe,safe
unsafe,safe,unsafe,unsafe,safe,safe,safe,safe,unsafe
unsafe,safe,unsafe,unsafe,safe,safe,unsafe,safe,unsafe
unsafe,safe,unsafe,unsafe,unsafe,safe,unsafe,safe,unsafe
unsafe,safe,unsafe,unsafe,safe,safe,unsafe,safe,unsafe
timeout,timeout,timeout,timeout,timeout,timeout,timeout,timeout,timeout
safe,safe,safe,safe,safe,safe,unsafe,safe,safe
safe,safe,safe,safe,safe,safe,safe,safe,safe
safe,safe,safe,safe,safe,safe,unsafe,unsafe,safe
safe,safe,safe,unsafe,safe,safe,unsafe,safe,safe
safe,safe,safe,unsafe,unsafe,safe,unsafe,safe,safe
safe,safe,safe,safe,unsafe,safe,safe,safe,safe
safe,safe,safe,unsafe,unsafe,unsafe,unsafe,unsafe,safe
safe,safe,safe,safe,safe,safe,unsafe,safe,safe
safe,safe,safe,unsafe,unsafe,unsafe,unsafe,safe,safe
safe,safe,safe,safe,safe,safe,safe,safe,safe
safe,safe,safe,unsafe,unsafe,safe,unsafe,safe,safe
safe,safe,safe,unsafe,safe,unsafe,unsafe,unsafe,safe
safe,safe,safe,unsafe,safe,unsafe,unsafe,safe,safe
safe,safe,safe,safe,safe,safe,safe,safe,safe
safe,safe,safe,unsafe,unsafe,unsafe,unsafe,safe,safe
safe,safe,safe,unsafe,unsafe,unsafe,unsafe,safe,safe
safe,safe,safe,unsafe,unsafe,unsafe,unsafe,safe,safe
safe,safe,safe,unsafe,unsafe,unsafe,unsafe,unsafe,safe
safe,safe,safe,unsafe,unsafe,unsafe,unsafe,unsafe,safe
safe,safe,safe,unsafe,unsafe,unsafe,unsafe,unsafe,safe
safe,safe,safe,unsafe,unsafe,unsafe,unsafe,unsafe,safe
safe,safe,safe,unsafe,unsafe,unsafe,unsafe,unsafe,safe
safe,safe,safe,unsafe,unsafe,unsafe,unsafe,unsafe,safe
safe,safe,safe,unsafe,unsafe,unsafe,unsafe,safe,safe
safe,safe,safe,unsafe,unsafe,unsafe,unsafe,safe,safe
safe,safe,safe,safe,safe,safe,unsafe,unsafe,safe
safe,safe,safe,safe,safe,safe,safe,safe,safe
safe,safe,safe,safe,safe,safe,safe,safe,safe
safe,safe,safe,safe,safe,safe,safe,safe,safe
safe,safe,safe,safe,safe,safe,unsafe,unsafe,safe
safe,safe,safe,unsafe,unsafe,unsafe,unsafe,safe,safe
safe,safe,safe,unsafe,unsafe,unsafe,unsafe,safe,safe
safe,safe,safe,safe,safe,safe,safe,safe,safe
safe,safe,safe,safe,unsafe,safe,safe,safe,safe
safe,safe,safe,unsafe,unsafe,safe,safe,safe,safe
safe,safe,safe,safe,unsafe,safe,safe,safe,safe
safe,safe,safe,safe,safe,safe,safe,safe,safe
safe,safe,safe,safe,unsafe,safe,safe,safe,safe
safe,safe,safe,safe,unsafe,safe,safe,safe,safe
safe,safe,safe,unsafe,safe,unsafe,unsafe,safe,safe
safe,safe,safe,unsafe,unsafe,safe,safe,safe,safe
safe,safe,safe,unsafe,unsafe,safe,safe,unsafe,safe
timeout,timeout,timeout,timeout,timeout,timeout,timeout,timeout,timeout
safe,safe,safe,safe,safe,safe,safe,safe,safe
timeout,timeout,timeout,timeout,timeout,timeout,timeout,timeout,timeout
safe,safe,safe,safe,safe,safe,safe,safe,safe
safe,safe,safe,safe,safe,safe,safe,safe,safe
timeout,timeout,timeout,timeout,timeout,timeout,timeout,timeout,timeout
timeout,timeout,timeout,timeout,timeout,timeout,timeout,timeout,timeout
timeout,timeout,timeout,timeout,timeout,timeout,timeout,timeout,timeout
safe,safe,safe,safe,unsafe,safe,safe,safe,safe
safe,safe,safe,safe,unsafe,safe,safe,safe,safe
safe,safe,safe,safe,safe,safe,safe,safe,safe
safe,safe,safe,safe,unsafe,safe,safe,safe,safe
safe,safe,safe,safe,unsafe,safe,safe,safe,safe
safe,safe,safe,safe,unsafe,safe,safe,safe,safe
safe,safe,safe,unsafe,safe,unsafe,unsafe,unsafe,safe
safe,safe,safe,unsafe,safe,unsafe,unsafe,unsafe,safe
safe,safe,safe,unsafe,safe,unsafe,unsafe,unsafe,safe
safe,safe,safe,unsafe,safe,unsafe,unsafe,unsafe,safe
safe,safe,safe,unsafe,safe,unsafe,unsafe,unsafe,safe
safe,safe,safe,unsafe,safe,unsafe,unsafe,unsafe,safe
safe,safe,safe,unsafe,safe,unsafe,unsafe,unsafe,safe
safe,safe,safe,safe,safe,safe,safe,safe,safe
safe,safe,safe,safe,safe,safe,safe,safe,safe
safe,safe,safe,unsafe,safe,unsafe,unsafe,safe,safe
safe,safe,safe,safe,safe,safe,safe,safe,safe
safe,safe,safe,safe,safe,safe,safe,safe,safe
safe,safe,safe,safe,safe,safe,safe,safe,safe
safe,safe,safe,safe,safe,safe,safe,safe,safe
safe,safe,safe,safe,safe,safe,safe,safe,safe
safe,safe,safe,safe,safe,safe,safe,safe,safe
safe,safe,safe,unsafe,safe,unsafe,unsafe,unsafe,safe
safe,safe,safe,unsafe,safe,unsafe,safe,safe,safe
safe,safe,safe,unsafe,safe,safe,unsafe,safe,safe
timeout,timeout,timeout,timeout,timeout,timeout,timeout,timeout,timeout
safe,safe,safe,unsafe,safe,safe,unsafe,safe,safe
safe,safe,safe,unsafe,safe,safe,unsafe,safe,safe
safe,safe,safe,unsafe,safe,safe,unsafe,safe,safe
safe,safe,safe,unsafe,safe,safe,unsafe,safe,safe
safe,safe,safe,unsafe,safe,safe,unsafe,safe,safe
safe,safe,safe,safe,safe,safe,safe,unsafe,unsafe
safe,safe,safe,safe,safe,safe,unsafe,unsafe,safe
safe,safe,safe,safe,safe,safe,safe,safe,safe
safe,safe,safe,safe,safe,safe,unsafe,unsafe,safe
safe,safe,safe,safe,safe,safe,unsafe,unsafe,safe
safe,safe,safe,safe,safe,safe,safe,safe,safe
safe,safe,safe,safe,safe,safe,unsafe,unsafe,safe
safe,safe,safe,unsafe,safe,unsafe,unsafe,unsafe,safe
safe,safe,safe,unsafe,safe,unsafe,unsafe,safe,safe
safe,safe,safe,safe,safe,safe,safe,safe,safe
safe,safe,safe,unsafe,safe,safe,unsafe,safe,safe
safe,safe,safe,unsafe,safe,safe,safe,safe,safe
safe,unsafe,safe,unsafe,safe,safe,unsafe,safe,safe
safe,safe,safe,safe,safe,safe,unsafe,safe,safe
safe,safe,safe,safe,safe,safe,safe,safe,safe
safe,safe,safe,safe,safe,safe,unsafe,safe,safe
safe,safe,safe,safe,safe,safe,unsafe,safe,safe
