unsafe,safe,unsafe,safe,safe,safe,unsafe,safe,safe
safe,unsafe,unsafe,safe,safe,safe,unsafe,safe,safe
safe,safe,unsafe,safe,safe,safe,unsafe,safe,safe
safe,safe,safe,safe,safe,unsafe,safe,safe,safe
unsafe,safe,unsafe,safe,safe,safe,safe,safe,safe
safe,safe,safe,safe,unsafe,safe,safe,safe,safe
safe,safe,safe,safe,safe,safe,safe,safe,unsafe
safe,safe,safe,safe,safe,safe,safe,unsafe,safe
safe,safe,safe,unsafe,safe,safe,safe,safe,safe
safe,safe,safe,unsafe,safe,unsafe,unsafe,safe,safe
safe,safe,safe,safe,safe,safe,unsafe,safe,safe
safe,safe,safe,safe,safe,safe,unsafe,safe,safe
safe,safe,safe,safe,safe,safe,unsafe,safe,safe
unsafe,safe,unsafe,safe,safe,safe,safe,safe,safe
safe,safe,safe,safe,unsafe,safe,safe,safe,safe
unsafe,safe,safe,safe,unsafe,safe,safe,safe,safe
safe,safe,safe,safe,unsafe,safe,safe,safe,safe
safe,safe,safe,safe,unsafe,safe,safe,safe,safe
safe,safe,safe,safe,unsafe,unsafe,safe,safe,safe
safe,safe,safe,safe,safe,safe,unsafe,safe,safe
safe,safe,safe,safe,safe,safe,safe,safe,safe
safe,safe,safe,safe,safe,safe,safe,safe,safe
safe,safe,safe,safe,safe,safe,safe,safe,safe
safe,safe,safe,safe,safe,safe,safe,safe,safe
safe,safe,safe,safe,safe,safe,safe,safe,safe
safe,safe,safe,safe,safe,safe,safe,safe,safe
safe,safe,safe,safe,safe,unsafe,safe,safe,unsafe
safe,safe,safe,safe,safe,safe,safe,safe,safe
safe,safe,safe,safe,safe,safe,safe,safe,safe
safe,safe,safe,safe,safe,safe,safe,safe,unsafe
safe,safe,safe,safe,safe,safe,safe,safe,safe
safe,safe,safe,safe,safe,safe,safe,safe,safe
broken,broken,broken,broken,broken,broken,broken,broken,broken
unsafe,safe,safe,safe,unsafe,safe,safe,safe,safe
safe,safe,safe,safe,safe,safe,safe,safe,safe
safe,safe,safe,safe,safe,safe,safe,safe,unsafe
safe,safe,safe,safe,safe,safe,safe,safe,safe
safe,safe,safe,safe,safe,unsafe,safe,safe,unsafe
safe,safe,safe,safe,safe,unsafe,safe,safe,unsafe
safe,safe,safe,safe,safe,safe,safe,safe,safe
safe,safe,safe,safe,safe,safe,safe,safe,safe
safe,safe,safe,safe,safe,safe,safe,safe,safe
safe,safe,safe,unsafe,safe,safe,safe,safe,safe
safe,safe,safe,unsafe,safe,safe,safe,safe,safe
safe,safe,safe,safe,safe,safe,safe,safe,safe
safe,safe,safe,safe,safe,safe,safe,safe,safe
safe,safe,safe,unsafe,safe,safe,safe,safe,safe
safe,safe,safe,unsafe,safe,safe,safe,safe,safe
safe,safe,safe,safe,safe,safe,safe,safe,safe
safe,safe,safe,safe,safe,safe,safe,safe,safe
safe,safe,safe,safe,safe,unsafe,safe,safe,safe
safe,safe,safe,safe,safe,safe,safe,safe,unsafe
safe,safe,safe,safe,safe,safe,safe,safe,unsafe
safe,safe,safe,safe,safe,safe,safe,safe,unsafe
safe,safe,safe,safe,safe,safe,safe,safe,safe
safe,safe,safe,safe,safe,safe,safe,safe,safe
safe,safe,safe,safe,safe,safe,safe,safe,safe
safe,safe,safe,safe,safe,safe,safe,safe,safe
safe,safe,safe,safe,safe,safe,safe,safe,safe
safe,safe,safe,safe,safe,safe,safe,safe,safe
safe,safe,safe,safe,safe,safe,safe,unsafe,safe
safe,safe,safe,safe,safe,safe,safe,safe,safe
safe,safe,safe,safe,safe,safe,safe,safe,safe
safe,safe,safe,safe,safe,safe,safe,safe,safe
safe,safe,safe,safe,safe,safe,safe,safe,safe
safe,safe,safe,safe,safe,safe,safe,safe,safe
safe,safe,safe,safe,safe,safe,safe,safe,safe
safe,safe,safe,safe,safe,safe,safe,safe,safe
safe,safe,safe,safe,safe,safe,safe,safe,safe
safe,safe,safe,safe,safe,safe,safe,safe,safe
safe,safe,safe,safe,safe,safe,safe,safe,safe
safe,safe,safe,safe,safe,safe,safe,safe,safe
safe,safe,safe,safe,safe,safe,safe,safe,safe
safe,safe,safe,safe,safe,safe,safe,safe,safe
safe,safe,safe,safe,safe,unsafe,safe,safe,unsafe
safe,safe,safe,safe,safe,safe,safe,safe,safe
unsafe,safe,safe,safe,unsafe,safe,safe,safe,safe
safe,safe,safe,safe,safe,safe,safe,safe,safe
safe,safe,safe,safe,safe,unsafe,safe,safe,unsafe
safe,safe,safe,safe,safe,safe,safe,safe,unsafe
safe,safe,safe,safe,safe,safe,safe,safe,unsafe
safe,safe,safe,safe,safe,safe,safe,safe,safe
safe,safe,safe,safe,safe,safe,safe,safe,safe
safe,safe,safe,safe,safe,safe,safe,safe,safe
safe,safe,safe,safe,safe,safe,safe,safe,unsafe
safe,safe,safe,safe,safe,safe,safe,safe,unsafe
safe,safe,safe,safe,safe,safe,safe,safe,safe
safe,safe,safe,unsafe,unsafe,unsafe,unsafe,unsafe,safe
safe,safe,safe,safe,safe,safe,safe,safe,safe
safe,safe,safe,safe,safe,safe,safe,safe,safe
safe,safe,safe,unsafe,safe,unsafe,safe,safe,safe
safe,safe,safe,unsafe,safe,unsafe,unsafe,safe,safe
safe,safe,safe,unsafe,safe,unsafe,unsafe,safe,safe
safe,safe,safe,safe,safe,safe,unsafe,safe,safe
safe,safe,safe,safe,safe,safe,unsafe,safe,safe
safe,safe,safe,safe,safe,safe,unsafe,safe,safe
safe,safe,safe,unsafe,safe,safe,safe,safe,safe
safe,safe,safe,unsafe,safe,safe,safe,safe,safe
safe,safe,safe,unsafe,safe,unsafe,safe,safe,safe
safe,safe,safe,safe,unsafe,safe,unsafe,safe,safe
safe,safe,safe,safe,unsafe,safe,unsafe,safe,safe
safe,safe,safe,safe,unsafe,safe,unsafe,safe,safe
safe,safe,safe,safe,unsafe,unsafe,unsafe,safe,safe
unsafe,unsafe,unsafe,safe,safe,unsafe,safe,safe,safe
unsafe,unsafe,unsafe,safe,safe,unsafe,safe,safe,safe
safe,unsafe,unsafe,safe,safe,safe,safe,safe,safe
timeout,timeout,timeout,timeout,timeout,timeout,timeout,timeout,timeout
timeout,timeout,timeout,timeout,timeout,timeout,timeout,timeout,timeout
safe,safe,safe,safe,unsafe,unsafe,safe,safe,safe
safe,safe,safe,safe,safe,unsafe,safe,safe,safe
safe,safe,safe,safe,unsafe,unsafe,safe,safe,safe
safe,safe,safe,safe,safe,safe,safe,safe,safe
safe,safe,safe,safe,safe,safe,safe,safe,safe
safe,safe,safe,safe,safe,safe,safe,safe,safe
safe,safe,safe,safe,safe,safe,safe,safe,safe
safe,safe,safe,safe,safe,safe,safe,safe,safe
safe,safe,safe,safe,safe,safe,safe,safe,safe
safe,safe,safe,safe,safe,safe,safe,safe,safe
safe,safe,safe,safe,safe,safe,safe,safe,safe
safe,safe,safe,safe,safe,safe,safe,safe,safe
safe,safe,safe,safe,safe,safe,safe,safe,safe
safe,safe,safe,safe,unsafe,safe,safe,safe,safe
safe,safe,safe,safe,safe,safe,safe,safe,safe
safe,safe,safe,safe,unsafe,safe,safe,safe,safe
safe,safe,safe,safe,safe,safe,safe,safe,safe
safe,safe,safe,safe,safe,safe,safe,safe,safe
safe,safe,safe,safe,safe,safe,safe,safe,safe
safe,safe,safe,safe,safe,safe,safe,safe,safe
safe,safe,safe,safe,safe,safe,safe,safe,safe
timeout,timeout,timeout,timeout,timeout,timeout,timeout,timeout,timeout
safe,safe,safe,unsafe,safe,unsafe,safe,safe,safe
timeout,timeout,timeout,timeout,timeout,timeout,timeout,timeout,timeout
safe,safe,safe,safe,safe,safe,safe,safe,safe
safe,safe,safe,safe,safe,safe,safe,safe,safe
safe,safe,safe,safe,safe,safe,safe,safe,safe
safe,safe,safe,unsafe,safe,unsafe,unsafe,safe,unsafe
safe,safe,safe,safe,safe,safe,safe,safe,safe
safe,safe,safe,unsafe,safe,unsafe,unsafe,safe,unsafe
safe,safe,safe,unsafe,safe,unsafe,unsafe,safe,unsafe
safe,safe,safe,unsafe,safe,unsafe,unsafe,safe,unsafe
safe,safe,safe,unsafe,safe,safe,safe,safe,safe
safe,safe,safe,safe,safe,safe,safe,safe,safe
safe,safe,safe,safe,safe,unsafe,safe,safe,safe
safe,safe,safe,safe,safe,unsafe,safe,safe,safe
timeout,timeout,timeout,timeout,timeout,timeout,timeout,timeout,timeout
unsafe,safe,unsafe,safe,safe,safe,unsafe,safe,safe
unsafe,safe,unsafe,safe,safe,safe,unsafe,safe,safe
unsafe,safe,unsafe,safe,safe,safe,unsafe,safe,safe
unsafe,safe,unsafe,safe,safe,unsafe,unsafe,safe,safe
unsafe,safe,unsafe,safe,safe,unsafe,unsafe,safe,safe
unsafe,safe,unsafe,safe,safe,safe,unsafe,unsafe,safe
unsafe,safe,unsafe,safe,safe,safe,unsafe,unsafe,safe
unsafe,safe,unsafe,safe,safe,safe,unsafe,unsafe,safe
unsafe,safe,unsafe,safe,safe,safe,safe,unsafe,safe
unsafe,safe,unsafe,safe,safe,unsafe,unsafe,safe,safe
unsafe,safe,unsafe,safe,safe,safe,unsafe,unsafe,safe
unsafe,safe,unsafe,safe,safe,safe,unsafe,unsafe,safe
unsafe,safe,unsafe,safe,safe,unsafe,unsafe,unsafe,safe
safe,safe,safe,safe,safe,safe,safe,safe,safe
unsafe,safe,unsafe,safe,safe,unsafe,unsafe,safe,safe
unsafe,safe,unsafe,safe,safe,unsafe,unsafe,unsafe,safe
unsafe,safe,unsafe,safe,safe,unsafe,unsafe,safe,safe
safe,safe,safe,safe,safe,safe,safe,safe,safe
unsafe,safe,unsafe,safe,safe,unsafe,unsafe,safe,safe
unsafe,safe,unsafe,safe,safe,unsafe,safe,unsafe,safe
safe,safe,safe,safe,safe,safe,safe,safe,safe
unsafe,safe,unsafe,safe,safe,unsafe,unsafe,safe,safe
unsafe,safe,unsafe,safe,safe,unsafe,unsafe,unsafe,safe
unsafe,safe,unsafe,safe,unsafe,unsafe,unsafe,unsafe,safe
unsafe,safe,unsafe,safe,safe,unsafe,unsafe,unsafe,safe
timeout,timeout,timeout,timeout,timeout,timeout,timeout,timeout,timeout
broken,broken,broken,broken,broken,broken,broken,broken,broken
broken,broken,broken,broken,broken,broken,broken,broken,broken
broken,broken,broken,broken,broken,broken,broken,broken,broken
safe,safe,safe,safe,safe,unsafe,safe,safe,safe
broken,broken,broken,broken,broken,broken,broken,broken,broken
broken,broken,broken,broken,broken,broken,broken,broken,broken
broken,broken,broken,broken,broken,broken,broken,broken,broken
safe,safe,safe,safe,safe,safe,safe,safe,safe
broken,broken,broken,broken,broken,broken,broken,broken,broken
safe,safe,safe,safe,safe,safe,safe,safe,safe
broken,broken,broken,broken,broken,broken,broken,broken,broken
safe,safe,safe,unsafe,safe,unsafe,safe,safe,unsafe
safe,safe,safe,safe,safe,unsafe,safe,safe,unsafe
safe,safe,safe,safe,safe,safe,safe,safe,safe
broken,broken,broken,broken,broken,broken,broken,broken,broken
broken,broken,broken,broken,broken,broken,broken,broken,broken
broken,broken,broken,broken,broken,broken,broken,broken,broken
broken,broken,broken,broken,broken,broken,broken,broken,broken
broken,broken,broken,broken,broken,broken,broken,broken,broken
broken,broken,broken,broken,broken,broken,broken,broken,broken
broken,broken,broken,broken,broken,broken,broken,broken,broken
broken,broken,broken,broken,broken,broken,broken,broken,broken
broken,broken,broken,broken,broken,broken,broken,broken,broken
broken,broken,broken,broken,broken,broken,broken,broken,broken
broken,broken,broken,broken,broken,broken,broken,broken,broken
safe,safe,safe,unsafe,safe,safe,safe,safe,safe
safe,safe,safe,safe,safe,safe,safe,safe,safe
safe,safe,safe,safe,safe,safe,safe,safe,safe
safe,safe,safe,safe,safe,safe,safe,safe,safe
safe,safe,safe,unsafe,safe,safe,safe,safe,safe
broken,broken,broken,broken,broken,broken,broken,broken,broken
broken,broken,broken,broken,broken,broken,broken,broken,broken
safe,safe,safe,safe,safe,safe,safe,safe,safe
safe,safe,safe,safe,unsafe,safe,safe,safe,safe
safe,safe,safe,safe,unsafe,unsafe,safe,safe,safe
safe,safe,safe,safe,unsafe,safe,safe,safe,safe
safe,safe,safe,safe,safe,safe,safe,safe,safe
safe,safe,safe,safe,unsafe,safe,safe,safe,safe
safe,safe,safe,safe,unsafe,safe,safe,safe,safe
safe,safe,safe,safe,safe,unsafe,safe,safe,unsafe
safe,safe,safe,safe,unsafe,unsafe,safe,safe,safe
safe,safe,safe,unsafe,unsafe,unsafe,safe,safe,safe
timeout,timeout,timeout,timeout,timeout,timeout,timeout,timeout,timeout
safe,safe,safe,safe,safe,safe,safe,safe,safe
timeout,timeout,timeout,timeout,timeout,timeout,timeout,timeout,timeout
safe,safe,safe,safe,safe,safe,safe,safe,safe
safe,safe,safe,safe,safe,safe,safe,safe,safe
timeout,timeout,timeout,timeout,timeout,timeout,timeout,timeout,timeout
timeout,timeout,timeout,timeout,timeout,timeout,timeout,timeout,timeout
timeout,timeout,timeout,timeout,timeout,timeout,timeout,timeout,timeout
safe,safe,safe,safe,unsafe,safe,safe,safe,safe
safe,safe,safe,safe,unsafe,safe,safe,safe,safe
safe,safe,safe,safe,safe,safe,safe,safe,safe
safe,safe,safe,safe,unsafe,safe,safe,safe,safe
safe,safe,safe,safe,unsafe,safe,safe,safe,safe
safe,safe,safe,safe,unsafe,safe,safe,safe,safe
safe,safe,safe,unsafe,safe,unsafe,safe,safe,unsafe
safe,safe,safe,unsafe,safe,unsafe,safe,safe,unsafe
safe,safe,safe,unsafe,safe,unsafe,safe,safe,unsafe
safe,safe,safe,unsafe,safe,unsafe,safe,safe,unsafe
safe,safe,safe,unsafe,safe,unsafe,safe,safe,unsafe
safe,safe,safe,unsafe,safe,unsafe,safe,safe,unsafe
safe,safe,safe,unsafe,safe,unsafe,safe,safe,unsafe
safe,safe,safe,safe,safe,safe,safe,safe,safe
safe,safe,safe,safe,safe,safe,safe,safe,safe
safe,safe,safe,safe,safe,unsafe,safe,safe,unsafe
safe,safe,safe,safe,safe,safe,safe,safe,safe
safe,safe,safe,safe,safe,safe,safe,safe,safe
safe,safe,safe,safe,safe,safe,safe,safe,safe
safe,safe,safe,safe,safe,safe,safe,safe,safe
safe,safe,safe,safe,safe,safe,safe,safe,safe
safe,safe,safe,safe,safe,safe,safe,safe,safe
safe,safe,safe,unsafe,safe,unsafe,safe,safe,unsafe
safe,safe,safe,safe,safe,unsafe,safe,safe,unsafe
safe,safe,safe,safe,safe,unsafe,safe,safe,safe
timeout,timeout,timeout,timeout,timeout,timeout,timeout,timeout,timeout
safe,safe,safe,safe,safe,unsafe,safe,safe,safe
safe,safe,safe,safe,safe,unsafe,safe,safe,safe
safe,safe,safe,safe,safe,unsafe,safe,safe,safe
safe,safe,safe,safe,safe,unsafe,safe,safe,safe
safe,safe,safe,safe,safe,unsafe,safe,safe,safe
safe,safe,safe,unsafe,safe,safe,unsafe,safe,safe
safe,safe,safe,unsafe,safe,safe,safe,safe,safe
safe,safe,safe,safe,safe,safe,safe,safe,safe
safe,safe,safe,unsafe,safe,safe,safe,safe,safe
safe,safe,safe,unsafe,safe,safe,safe,safe,safe
safe,safe,safe,safe,safe,safe,safe,safe,safe
safe,safe,safe,unsafe,safe,safe,safe,safe,safe
safe,safe,safe,unsafe,safe,unsafe,safe,safe,unsafe
safe,safe,safe,safe,safe,unsafe,safe,safe,unsafe
safe,safe,safe,safe,safe,safe,safe,safe,safe
safe,safe,safe,safe,safe,unsafe,safe,safe,safe
safe,safe,safe,safe,safe,unsafe,safe,safe,safe
safe,unsafe,safe,safe,safe,unsafe,safe,safe,safe
safe,safe,safe,safe,safe,safe,safe,safe,safe
safe,safe,safe,safe,safe,safe,safe,safe,safe
safe,safe,safe,safe,safe,safe,safe,safe,safe
safe,safe,safe,safe,safe,safe,safe,safe,safe
